--
-- PostgreSQL database dump
--

-- Dumped from database version 12.22 (Ubuntu 12.22-0ubuntu0.20.04.4)
-- Dumped by pg_dump version 12.22 (Ubuntu 12.22-0ubuntu0.20.04.4)

SET statement_timeout = 0;
SET lock_timeout = 0;
SET idle_in_transaction_session_timeout = 0;
SET client_encoding = 'UTF8';
SET standard_conforming_strings = on;
SELECT pg_catalog.set_config('search_path', '', false);
SET check_function_bodies = false;
SET xmloption = content;
SET client_min_messages = warning;
SET row_security = off;

DROP DATABASE universe;
--
-- Name: universe; Type: DATABASE; Schema: -; Owner: freecodecamp
--

CREATE DATABASE universe WITH TEMPLATE = template0 ENCODING = 'UTF8' LC_COLLATE = 'C.UTF-8' LC_CTYPE = 'C.UTF-8';


ALTER DATABASE universe OWNER TO freecodecamp;

\connect universe

SET statement_timeout = 0;
SET lock_timeout = 0;
SET idle_in_transaction_session_timeout = 0;
SET client_encoding = 'UTF8';
SET standard_conforming_strings = on;
SELECT pg_catalog.set_config('search_path', '', false);
SET check_function_bodies = false;
SET xmloption = content;
SET client_min_messages = warning;
SET row_security = off;

SET default_tablespace = '';

SET default_table_access_method = heap;

--
-- Name: comet; Type: TABLE; Schema: public; Owner: freecodecamp
--

CREATE TABLE public.comet (
    comet_id integer NOT NULL,
    name character varying(100) NOT NULL,
    star_id integer NOT NULL,
    is_periodic boolean,
    perihelion_au numeric(8,3),
    discovered_year integer
);


ALTER TABLE public.comet OWNER TO freecodecamp;

--
-- Name: comet_comet_id_seq; Type: SEQUENCE; Schema: public; Owner: freecodecamp
--

ALTER TABLE public.comet ALTER COLUMN comet_id ADD GENERATED BY DEFAULT AS IDENTITY (
    SEQUENCE NAME public.comet_comet_id_seq
    START WITH 1
    INCREMENT BY 1
    NO MINVALUE
    NO MAXVALUE
    CACHE 1
);


--
-- Name: galaxy; Type: TABLE; Schema: public; Owner: freecodecamp
--

CREATE TABLE public.galaxy (
    galaxy_id integer NOT NULL,
    name character varying(100) NOT NULL,
    galaxy_type character varying(50) NOT NULL,
    description text,
    age_in_millions_of_years integer,
    diameter_kly numeric(7,2),
    distance_from_earth_kly numeric(9,2),
    is_spherical boolean
);


ALTER TABLE public.galaxy OWNER TO freecodecamp;

--
-- Name: galaxy_galaxy_id_seq; Type: SEQUENCE; Schema: public; Owner: freecodecamp
--

ALTER TABLE public.galaxy ALTER COLUMN galaxy_id ADD GENERATED BY DEFAULT AS IDENTITY (
    SEQUENCE NAME public.galaxy_galaxy_id_seq
    START WITH 1
    INCREMENT BY 1
    NO MINVALUE
    NO MAXVALUE
    CACHE 1
);


--
-- Name: moon; Type: TABLE; Schema: public; Owner: freecodecamp
--

CREATE TABLE public.moon (
    moon_id integer NOT NULL,
    name character varying(100) NOT NULL,
    planet_id integer NOT NULL,
    radius_km integer,
    is_spherical boolean,
    has_water boolean,
    description text,
    orbital_period_days numeric(8,2),
    radius integer DEFAULT 0 NOT NULL
);


ALTER TABLE public.moon OWNER TO freecodecamp;

--
-- Name: moon_moon_id_seq; Type: SEQUENCE; Schema: public; Owner: freecodecamp
--

ALTER TABLE public.moon ALTER COLUMN moon_id ADD GENERATED BY DEFAULT AS IDENTITY (
    SEQUENCE NAME public.moon_moon_id_seq
    START WITH 1
    INCREMENT BY 1
    NO MINVALUE
    NO MAXVALUE
    CACHE 1
);


--
-- Name: planet; Type: TABLE; Schema: public; Owner: freecodecamp
--

CREATE TABLE public.planet (
    planet_id integer NOT NULL,
    name character varying(100) NOT NULL,
    star_id integer NOT NULL,
    planet_type character varying(50),
    has_life boolean,
    is_spherical boolean,
    mass_earth numeric(12,4),
    radius_km integer,
    orbital_period_days numeric(8,2),
    distance_from_star_au numeric(8,3),
    planet_type_id integer
);


ALTER TABLE public.planet OWNER TO freecodecamp;

--
-- Name: planet_planet_id_seq; Type: SEQUENCE; Schema: public; Owner: freecodecamp
--

ALTER TABLE public.planet ALTER COLUMN planet_id ADD GENERATED BY DEFAULT AS IDENTITY (
    SEQUENCE NAME public.planet_planet_id_seq
    START WITH 1
    INCREMENT BY 1
    NO MINVALUE
    NO MAXVALUE
    CACHE 1
);


--
-- Name: planet_types; Type: TABLE; Schema: public; Owner: freecodecamp
--

CREATE TABLE public.planet_types (
    planet_type_id integer NOT NULL,
    name character varying(50) NOT NULL,
    description text
);


ALTER TABLE public.planet_types OWNER TO freecodecamp;

--
-- Name: planet_types_planet_type_id_seq; Type: SEQUENCE; Schema: public; Owner: freecodecamp
--

CREATE SEQUENCE public.planet_types_planet_type_id_seq
    AS integer
    START WITH 1
    INCREMENT BY 1
    NO MINVALUE
    NO MAXVALUE
    CACHE 1;


ALTER TABLE public.planet_types_planet_type_id_seq OWNER TO freecodecamp;

--
-- Name: planet_types_planet_type_id_seq; Type: SEQUENCE OWNED BY; Schema: public; Owner: freecodecamp
--

ALTER SEQUENCE public.planet_types_planet_type_id_seq OWNED BY public.planet_types.planet_type_id;


--
-- Name: star; Type: TABLE; Schema: public; Owner: freecodecamp
--

CREATE TABLE public.star (
    star_id integer NOT NULL,
    name character varying(100) NOT NULL,
    galaxy_id integer NOT NULL,
    spectral_type character varying(20),
    age_in_millions_of_years integer,
    mass_solar numeric(10,3),
    is_main_sequence boolean,
    notes text
);


ALTER TABLE public.star OWNER TO freecodecamp;

--
-- Name: star_star_id_seq; Type: SEQUENCE; Schema: public; Owner: freecodecamp
--

ALTER TABLE public.star ALTER COLUMN star_id ADD GENERATED BY DEFAULT AS IDENTITY (
    SEQUENCE NAME public.star_star_id_seq
    START WITH 1
    INCREMENT BY 1
    NO MINVALUE
    NO MAXVALUE
    CACHE 1
);


--
-- Name: planet_types planet_type_id; Type: DEFAULT; Schema: public; Owner: freecodecamp
--

ALTER TABLE ONLY public.planet_types ALTER COLUMN planet_type_id SET DEFAULT nextval('public.planet_types_planet_type_id_seq'::regclass);


--
-- Data for Name: comet; Type: TABLE DATA; Schema: public; Owner: freecodecamp
--



--
-- Data for Name: galaxy; Type: TABLE DATA; Schema: public; Owner: freecodecamp
--

INSERT INTO public.galaxy VALUES (1, 'Milky Way', 'Barred Spiral', 'Our home galaxy', 13600, 100.00, 0.00, false);
INSERT INTO public.galaxy VALUES (2, 'Andromeda', 'Spiral', 'Nearest spiral galaxy', 10000, 110.00, 2537.00, false);
INSERT INTO public.galaxy VALUES (3, 'Triangulum', 'Spiral', 'M33', 12000, 60.00, 2730.00, false);
INSERT INTO public.galaxy VALUES (4, 'Large Magellanic Cloud', 'Irregular', 'Satellite galaxy', 13000, 14.00, 163.00, false);
INSERT INTO public.galaxy VALUES (5, 'Small Magellanic Cloud', 'Irregular', 'Satellite galaxy', 13000, 7.00, 200.00, false);
INSERT INTO public.galaxy VALUES (6, 'Whirlpool', 'Spiral', 'M51', 8000, 60.00, 23700.00, false);


--
-- Data for Name: moon; Type: TABLE DATA; Schema: public; Owner: freecodecamp
--

INSERT INTO public.moon VALUES (1, 'Luna', 3, NULL, true, true, NULL, NULL, 1737);
INSERT INTO public.moon VALUES (2, 'Fobos', 4, NULL, false, false, NULL, NULL, 11);
INSERT INTO public.moon VALUES (3, 'Deimos', 4, NULL, false, false, NULL, NULL, 6);
INSERT INTO public.moon VALUES (4, 'Io', 5, NULL, true, false, NULL, NULL, 1821);
INSERT INTO public.moon VALUES (5, 'Europa', 5, NULL, true, true, NULL, NULL, 1560);
INSERT INTO public.moon VALUES (6, 'Ganímedes', 5, NULL, true, false, NULL, NULL, 2634);
INSERT INTO public.moon VALUES (7, 'Calisto', 5, NULL, true, false, NULL, NULL, 2410);
INSERT INTO public.moon VALUES (8, 'Titán', 6, NULL, true, true, NULL, NULL, 2575);
INSERT INTO public.moon VALUES (9, 'Encélado', 6, NULL, true, true, NULL, NULL, 252);
INSERT INTO public.moon VALUES (10, 'Rea', 6, NULL, true, false, NULL, NULL, 763);
INSERT INTO public.moon VALUES (11, 'Japeto', 6, NULL, true, false, NULL, NULL, 734);
INSERT INTO public.moon VALUES (12, 'Miranda', 7, NULL, true, false, NULL, NULL, 236);
INSERT INTO public.moon VALUES (13, 'Ariel', 7, NULL, true, false, NULL, NULL, 579);
INSERT INTO public.moon VALUES (14, 'Umbriel', 7, NULL, true, false, NULL, NULL, 585);
INSERT INTO public.moon VALUES (15, 'Titania', 7, NULL, true, false, NULL, NULL, 789);
INSERT INTO public.moon VALUES (16, 'Oberón', 7, NULL, true, false, NULL, NULL, 761);
INSERT INTO public.moon VALUES (17, 'Tritón', 8, NULL, true, false, NULL, NULL, 1353);
INSERT INTO public.moon VALUES (18, 'Nereida', 8, NULL, true, false, NULL, NULL, 170);
INSERT INTO public.moon VALUES (19, 'Caronte', 9, NULL, true, false, NULL, NULL, 606);
INSERT INTO public.moon VALUES (20, 'Estigia', 9, NULL, false, false, NULL, NULL, 16);


--
-- Data for Name: planet; Type: TABLE DATA; Schema: public; Owner: freecodecamp
--

INSERT INTO public.planet VALUES (1, 'Mercury', 1, 'Terrestrial', false, true, 0.0553, 2440, 87.97, 0.387, 1);
INSERT INTO public.planet VALUES (3, 'Earth', 1, 'Terrestrial', true, true, 1.0000, 6371, 365.25, 1.000, 1);
INSERT INTO public.planet VALUES (4, 'Mars', 1, 'Terrestrial', false, true, 0.1070, 3390, 686.98, 1.524, 1);
INSERT INTO public.planet VALUES (2, 'Venus', 1, 'Terrestrial', false, true, 0.8150, 6052, 224.70, 0.723, 1);
INSERT INTO public.planet VALUES (5, 'Jupiter', 1, 'Gas Giant', false, true, 317.8000, 69911, 4332.59, 5.203, 2);
INSERT INTO public.planet VALUES (6, 'Saturn', 1, 'Gas Giant', false, true, 95.1600, 58232, 10759.22, 9.537, 2);
INSERT INTO public.planet VALUES (7, 'Uranus', 1, 'Ice Giant', false, true, 14.5400, 25362, 30685.40, 19.191, 4);
INSERT INTO public.planet VALUES (8, 'Neptune', 1, 'Ice Giant', false, true, 17.1500, 24622, 60190.00, 30.071, 4);
INSERT INTO public.planet VALUES (9, 'Proxima b', 2, 'Terrestrial', false, true, 1.2700, 7000, 11.20, 0.048, 1);
INSERT INTO public.planet VALUES (10, 'Sirius b1', 3, 'Terrestrial', false, true, 2.1000, 8000, 50.00, 0.600, 1);
INSERT INTO public.planet VALUES (12, 'Andromeda-1 b', 6, 'Terrestrial', false, true, 1.1000, 6500, 300.00, 1.200, 1);
INSERT INTO public.planet VALUES (11, 'Betelgeuse b', 4, 'Gas Giant', false, true, 150.0000, 60000, 400.00, 1.500, 2);


--
-- Data for Name: planet_types; Type: TABLE DATA; Schema: public; Owner: freecodecamp
--

INSERT INTO public.planet_types VALUES (1, 'Terrestre', 'Planeta rocoso similar a la Tierra');
INSERT INTO public.planet_types VALUES (2, 'Gaseoso', 'Planeta compuesto principalmente de hidrógeno y helio');
INSERT INTO public.planet_types VALUES (3, 'Enano', 'Planeta más pequeño que no despeja su órbita');
INSERT INTO public.planet_types VALUES (4, 'Helado', 'Planeta con gran cantidad de hielos y compuestos volátiles');


--
-- Data for Name: star; Type: TABLE DATA; Schema: public; Owner: freecodecamp
--

INSERT INTO public.star VALUES (1, 'Sun', 1, 'G2V', 4600, 1.000, true, 'The Sun');
INSERT INTO public.star VALUES (2, 'Proxima Centauri', 1, 'M5.5Ve', 4500, 0.122, true, NULL);
INSERT INTO public.star VALUES (3, 'Sirius A', 1, 'A1V', 242, 2.063, true, NULL);
INSERT INTO public.star VALUES (4, 'Betelgeuse', 1, 'M1-2Ia-ab', 10, 11.600, false, 'Red supergiant');
INSERT INTO public.star VALUES (5, 'Rigel', 1, 'B8Ia', 8, 21.000, false, 'Blue supergiant');
INSERT INTO public.star VALUES (6, 'Andromeda Star 1', 2, 'G-type', 5000, 1.050, true, 'Fictional placeholder');


--
-- Name: comet_comet_id_seq; Type: SEQUENCE SET; Schema: public; Owner: freecodecamp
--

SELECT pg_catalog.setval('public.comet_comet_id_seq', 1, false);


--
-- Name: galaxy_galaxy_id_seq; Type: SEQUENCE SET; Schema: public; Owner: freecodecamp
--

SELECT pg_catalog.setval('public.galaxy_galaxy_id_seq', 6, true);


--
-- Name: moon_moon_id_seq; Type: SEQUENCE SET; Schema: public; Owner: freecodecamp
--

SELECT pg_catalog.setval('public.moon_moon_id_seq', 20, true);


--
-- Name: planet_planet_id_seq; Type: SEQUENCE SET; Schema: public; Owner: freecodecamp
--

SELECT pg_catalog.setval('public.planet_planet_id_seq', 12, true);


--
-- Name: planet_types_planet_type_id_seq; Type: SEQUENCE SET; Schema: public; Owner: freecodecamp
--

SELECT pg_catalog.setval('public.planet_types_planet_type_id_seq', 4, true);


--
-- Name: star_star_id_seq; Type: SEQUENCE SET; Schema: public; Owner: freecodecamp
--

SELECT pg_catalog.setval('public.star_star_id_seq', 6, true);


--
-- Name: comet comet_name_key; Type: CONSTRAINT; Schema: public; Owner: freecodecamp
--

ALTER TABLE ONLY public.comet
    ADD CONSTRAINT comet_name_key UNIQUE (name);


--
-- Name: comet comet_pkey; Type: CONSTRAINT; Schema: public; Owner: freecodecamp
--

ALTER TABLE ONLY public.comet
    ADD CONSTRAINT comet_pkey PRIMARY KEY (comet_id);


--
-- Name: galaxy galaxy_name_key; Type: CONSTRAINT; Schema: public; Owner: freecodecamp
--

ALTER TABLE ONLY public.galaxy
    ADD CONSTRAINT galaxy_name_key UNIQUE (name);


--
-- Name: galaxy galaxy_pkey; Type: CONSTRAINT; Schema: public; Owner: freecodecamp
--

ALTER TABLE ONLY public.galaxy
    ADD CONSTRAINT galaxy_pkey PRIMARY KEY (galaxy_id);


--
-- Name: moon moon_name_key; Type: CONSTRAINT; Schema: public; Owner: freecodecamp
--

ALTER TABLE ONLY public.moon
    ADD CONSTRAINT moon_name_key UNIQUE (name);


--
-- Name: moon moon_pkey; Type: CONSTRAINT; Schema: public; Owner: freecodecamp
--

ALTER TABLE ONLY public.moon
    ADD CONSTRAINT moon_pkey PRIMARY KEY (moon_id);


--
-- Name: planet planet_name_key; Type: CONSTRAINT; Schema: public; Owner: freecodecamp
--

ALTER TABLE ONLY public.planet
    ADD CONSTRAINT planet_name_key UNIQUE (name);


--
-- Name: planet planet_pkey; Type: CONSTRAINT; Schema: public; Owner: freecodecamp
--

ALTER TABLE ONLY public.planet
    ADD CONSTRAINT planet_pkey PRIMARY KEY (planet_id);


--
-- Name: planet_types planet_types_name_key; Type: CONSTRAINT; Schema: public; Owner: freecodecamp
--

ALTER TABLE ONLY public.planet_types
    ADD CONSTRAINT planet_types_name_key UNIQUE (name);


--
-- Name: planet_types planet_types_pkey; Type: CONSTRAINT; Schema: public; Owner: freecodecamp
--

ALTER TABLE ONLY public.planet_types
    ADD CONSTRAINT planet_types_pkey PRIMARY KEY (planet_type_id);


--
-- Name: star star_name_key; Type: CONSTRAINT; Schema: public; Owner: freecodecamp
--

ALTER TABLE ONLY public.star
    ADD CONSTRAINT star_name_key UNIQUE (name);


--
-- Name: star star_pkey; Type: CONSTRAINT; Schema: public; Owner: freecodecamp
--

ALTER TABLE ONLY public.star
    ADD CONSTRAINT star_pkey PRIMARY KEY (star_id);


--
-- Name: comet comet_star_id_fkey; Type: FK CONSTRAINT; Schema: public; Owner: freecodecamp
--

ALTER TABLE ONLY public.comet
    ADD CONSTRAINT comet_star_id_fkey FOREIGN KEY (star_id) REFERENCES public.star(star_id);


--
-- Name: moon moon_planet_id_fkey; Type: FK CONSTRAINT; Schema: public; Owner: freecodecamp
--

ALTER TABLE ONLY public.moon
    ADD CONSTRAINT moon_planet_id_fkey FOREIGN KEY (planet_id) REFERENCES public.planet(planet_id);


--
-- Name: planet planet_planet_type_id_fkey; Type: FK CONSTRAINT; Schema: public; Owner: freecodecamp
--

ALTER TABLE ONLY public.planet
    ADD CONSTRAINT planet_planet_type_id_fkey FOREIGN KEY (planet_type_id) REFERENCES public.planet_types(planet_type_id);


--
-- Name: planet planet_star_id_fkey; Type: FK CONSTRAINT; Schema: public; Owner: freecodecamp
--

ALTER TABLE ONLY public.planet
    ADD CONSTRAINT planet_star_id_fkey FOREIGN KEY (star_id) REFERENCES public.star(star_id);


--
-- Name: star star_galaxy_id_fkey; Type: FK CONSTRAINT; Schema: public; Owner: freecodecamp
--

ALTER TABLE ONLY public.star
    ADD CONSTRAINT star_galaxy_id_fkey FOREIGN KEY (galaxy_id) REFERENCES public.galaxy(galaxy_id);


--
-- PostgreSQL database dump complete
--

